программист;1
дизайн;4
менеджер;7
верстка;1
javascript;1
jscript;1
php;1
mysql;1
разработка;1
java;1
j2ee;1
jsp;1
seo;6
html;1
sql;1
css;1
qa;2
менеджмент;7
c++;1
asp.net;1
мобильная;1
маркетинг;7
c#;1
продаж;7
администрирование;5
1с;1
администратор;5
web-верстальщик;1
ios;1
python;1
android;1
тест;2
руководитель;7
oracle;1
1с-битрикс;1
аналитик;3
c;1
windows;5
unix;5
linux;5
ajax;1
маркетолог;7
1c;1
unix\linux;5
архитект;3
objective-c;1
дизайн;4
управление;7
ruby;1
поддержк;7
smm\smo;6
t-sql;1
postgresql;1
pr-специалист;7
сети;5
анализ;3
менеджмент ;7
копирайт;7
xml;1
3d;4
художник;4
delphi;1
коммерция;7
basic;1
консультант;7
аниматор;4
безопасность;5
unity;1
perl;1
2d;4
sharepoint;7
flash;1
xslt;1
erlang;1
баннер-мейкер;4
shell;1
scripting;1
silverlight;1
sqlite;1
access;1
flex;1
с++;1
